"0","# Definimos los datos"
"0","n  <- nrow(datos)"
"0","data <- list(""n""=n, ""y""=datos$Y, ""C""=datos$C, ""x20""=datos$x20,"
"0","             ""x50""=datos$x50, ""x100""=datos$x100, ""x200""=datos$x200,"
"0","             ""x500""=datos$x500)"
"0",""
"0","# Valores iniciales"
"0","inits <- function() {"
"0","  list(""alpha""=0, ""beta""=rep(0, 5))"
"0","}"
"0",""
"0","# ParamÃ©tros a monitorear"
"0","params <- c(""alpha"", ""alpha.est"", ""beta"", ""beta.est"", ""tasa"", ""yf"")"
"0",""
"0","# Modelo"
"0","n_iter <- 120000"
"0","ej.binom_logit <- jags(data=data, inits=inits, parameters=params,"
"0","                 model.file=""./jags/logit.txt"", n.chains=2,"
"0","                 n.iter=n_iter, n.burnin=0.2*n_iter, n.thin=1)"
"1","Compiling model graph
   Resolving undeclared variables
   Allocating nodes
Graph information:
   Observed stochastic nodes: 60
   Unobserved stochastic nodes: 66
   Total graph size: 544

"
"1","Initializing model

"
"1","  |                                                        "
"1","  |                                                  |   0%"
"1","  |                                                        "
"1","  |**                                                |   4%"
"1","  |                                                        "
"1","  |****                                              |   8%"
"1","  |                                                        "
"1","  |******                                            |  12%"
"1","  |                                                        "
"1","  |********                                          |  16%"
"1","  |                                                        "
"1","  |**********                                        |  20%"
"1","  |                                                        "
"1","  |************                                      |  24%"
"1","  |                                                        "
"1","  |**************                                    |  28%"
"1","  |                                                        "
"1","  |****************                                  |  32%"
"1","  |                                                        "
"1","  |******************                                |  36%"
"1","  |                                                        "
"1","  |********************                              |  40%"
"1","  |                                                        "
"1","  |**********************                            |  44%"
"1","  |                                                        "
"1","  |************************                          |  48%"
"1","  |                                                        "
"1","  |**************************                        |  52%"
"1","  |                                                        "
"1","  |****************************                      |  56%"
"1","  |                                                        "
"1","  |******************************                    |  60%"
"1","  |                                                        "
"1","  |********************************                  |  64%"
"1","  |                                                        "
"1","  |**********************************                |  68%"
"1","  |                                                        "
"1","  |************************************              |  72%"
"1","  |                                                        "
"1","  |**************************************            |  76%"
"1","  |                                                        "
"1","  |****************************************          |  80%"
"1","  |                                                        "
"1","  |******************************************        |  84%"
"1","  |                                                        "
"1","  |********************************************      |  88%"
"1","  |                                                        "
"1","  |**********************************************    |  92%"
"1","  |                                                        "
"1","  |************************************************  |  96%"
"1","  |                                                        "
"1","  |**************************************************| 100%"
"1","
"
"1","  |                                                        "
"1","  |                                                  |   0%"
"1","  |                                                        "
"1","  |*                                                 |   2%"
"1","  |                                                        "
"1","  |**                                                |   5%"
"1","  |                                                        "
"1","  |****                                              |   8%"
"1","  |                                                        "
"1","  |*****                                             |  10%"
"1","  |                                                        "
"1","  |******                                            |  12%"
"1","  |                                                        "
"1","  |********                                          |  15%"
"1","  |                                                        "
"1","  |*********                                         |  18%"
"1","  |                                                        "
"1","  |**********                                        |  20%"
"1","  |                                                        "
"1","  |***********                                       |  22%"
"1","  |                                                        "
"1","  |************                                      |  25%"
"1","  |                                                        "
"1","  |**************                                    |  28%"
"1","  |                                                        "
"1","  |***************                                   |  30%"
"1","  |                                                        "
"1","  |****************                                  |  32%"
"1","  |                                                        "
"1","  |******************                                |  35%"
"1","  |                                                        "
"1","  |*******************                               |  38%"
"1","  |                                                        "
"1","  |********************                              |  40%"
"1","  |                                                        "
"1","  |*********************                             |  42%"
"1","  |                                                        "
"1","  |**********************                            |  45%"
"1","  |                                                        "
"1","  |************************                          |  48%"
"1","  |                                                        "
"1","  |*************************                         |  50%"
"1","  |                                                        "
"1","  |**************************                        |  52%"
"1","  |                                                        "
"1","  |****************************                      |  55%"
"1","  |                                                        "
"1","  |*****************************                     |  58%"
"1","  |                                                        "
"1","  |******************************                    |  60%"
"1","  |                                                        "
"1","  |*******************************                   |  62%"
"1","  |                                                        "
"1","  |********************************                  |  65%"
"1","  |                                                        "
"1","  |**********************************                |  68%"
"1","  |                                                        "
"1","  |***********************************               |  70%"
"1","  |                                                        "
"1","  |************************************              |  72%"
"1","  |                                                        "
"1","  |**************************************            |  75%"
"1","  |                                                        "
"1","  |***************************************           |  78%"
"1","  |                                                        "
"1","  |****************************************          |  80%"
"1","  |                                                        "
"1","  |*****************************************         |  82%"
"1","  |                                                        "
"1","  |******************************************        |  85%"
"1","  |                                                        "
"1","  |********************************************      |  88%"
"1","  |                                                        "
"1","  |*********************************************     |  90%"
"1","  |                                                        "
"1","  |**********************************************    |  92%"
"1","  |                                                        "
"1","  |************************************************  |  95%"
"1","  |                                                        "
"1","  |************************************************* |  98%"
"1","  |                                                        "
"1","  |**************************************************| 100%"
"1","
"
